Date;Open;High;Low;Close;Volume
2020-03-05;52.4636;53.9356;52.0494;52.3709;31648539.317459
2020-03-06;50.7347;51.4986;50.1466;51.2768;39435818.830703
2020-03-09;47.7387;48.4636;45.9737;46.7541;61120397.120333
2020-03-10;48.5105;49.6504;46.3683;49.6319;39772754.481521
2020-03-11;48.1695;49.2264;46.9007;47.5005;41953423.454776
2020-03-12;44.1236;46.0568;41.7138;41.8711;55100218.013937
2020-03-13;44.3727;50.5706;43.896;50.046;53080868.617011
2020-03-16;43.683;48.0416;40.1148;41.0173;58599269.814543
2020-03-17;42.0703;47.4721;41.5585;46.046;56648339.884963
2020-03-18;42.9475;46.0177;41.5585;43.7749;53629912.49938
2020-03-19;43.9858;45.2646;41.5224;42.2383;48440005.210894
2020-03-20;42.7638;45.4394;41.8075;42.1387;56929903.606497
2020-03-23;42.3136;46.422;42.2149;45.5859;50789728.09944
2020-03-24;48.8612;50.2375;47.2152;48.1793;54401979.705558
2020-03-25;48.2536;49.4521;45.8897;47.1303;44707362.041331
2020-03-26;47.5718;51.4438;47.5005;51.0678;45109062.415603
2020-03-27;49.118;50.2375;47.8726;48.151;34404894.948922
2020-03-30;48.7225;51.5815;48.574;51.0199;34399589.939724
2020-03-31;50.6243;51.3012;48.9314;49.7598;52294310.402494
2020-04-01;48.2721;50.2844;47.2856;47.7007;32178638.932128
2020-04-02;47.1576;50.1652;47.094;49.9718;30246419.858032
2020-04-03;49.5127;50.6898;48.4821;49.7696;26000471.492153
2020-04-06;52.069;54.0353;51.5991;53.7237;35155235.368102
2020-04-07;55.1118;56.5359;53.5215;53.6954;45037940.280506
2020-04-08;54.2385;54.7181;53.2451;54.2287;29060394.041352
2020-04-09;54.5794;54.9096;51.5435;52.5369;44064972.724041
2020-04-13;52.0133;54.0353;52.0133;53.9709;25289038.22747
2020-04-14;55.2026;55.9948;54.7181;55.774;27923289.582174
2020-04-15;54.9272;55.0111;53.6827;54.1281;24842699.814584
2020-04-16;54.807;56.0485;54.0734;55.8932;26574135.244499
2020-04-17;57.0253;57.124;55.0063;55.4995;29784889.176425
2020-04-20;54.5032;55.2046;54.1467;54.4134;28734990.796675
2020-04-21;53.4307;53.88;51.4243;51.8199;27460012.403907
2020-04-22;53.5762;55.6275;53.1523;55.2583;25497649.37075
2020-04-23;54.8666;55.2583;54.0734;54.2844;38166355.313379
2020-04-24;51.6724;54.6156;51.5815;54.4846;54620318.405265
2020-04-27;54.9096;55.0111;53.6827;54.68;28171528.591351
2020-04-28;55.1576;55.3697;53.5674;54.0177;31306534.117133
2020-04-29;54.6507;57.0341;54.5423;56.8202;33119398.674157
2020-04-30;56.4227;56.5819;54.9359;55.1489;28582256.285406
2020-05-01;54.091;54.5423;52.6941;52.8406;23051677.726927
2020-05-04;52.5183;53.3926;51.774;53.3184;20618069.764327
2020-05-05;54.0548;54.5227;53.6495;54.0177;18763514.509771
2020-05-06;54.5911;55.4311;54.4974;54.721;19303335.53844
2020-05-07;55.4136;55.567;54.4788;54.7123;15934311.745045
2020-05-08;55.1733;55.2758;54.5999;55.1733;22052982.616203
2020-05-11;55.2387;56.2556;55.2094;55.5982;20207236.62528
2020-05-12;55.6823;56.07;53.8702;53.9904;18120436.216952
2020-05-13;54.0451;54.7659;52.6121;53.3896;22781782.56866
2020-05-14;52.9989;54.6927;51.8717;54.6273;23327272.033441
2020-05-15;53.0751;53.9709;52.6668;53.8878;23115206.798877
2020-05-18;55.2397;55.7369;54.8881;55.4048;22109887.080948
2020-05-19;55.5982;57.1142;55.3404;55.7467;23647026.293023
2020-05-20;56.5496;58.7054;56.4207;58.343;33076607.458507
2020-05-21;58.3382;58.9926;57.1611;57.3086;22698259.897781
2020-05-22;57.3086;57.6241;56.7929;57.5645;15252419.457868
2020-05-26;58.8812;59.3062;57.4375;57.6417;22639657.05205
2020-05-27;57.6241;58.7983;56.4685;58.769;21507018.137089
2020-05-28;58.2522;58.6683;56.8554;57.0508;18671171.314142
2020-05-29;57.2354;58.8627;56.9755;58.1877;36117519.197049
2020-06-01;57.7756;57.9377;57.0136;57.1983;15496871.660981
2020-06-02;57.0508;57.4854;56.2419;57.4375;22389611.145684
2020-06-03;57.7443;57.8263;56.8945;57.2637;18101373.195669
2020-06-04;57.0879;58.6879;56.7205;58.2239;23803985.770128
2020-06-05;58.5872;60.2039;58.3998;59.4918;28998387.267487
2020-06-08;59.1489;59.316;58.1965;58.8725;23302208.885003
2020-06-09;58.2463;58.9077;58.1604;58.2903;25517073.771472
2020-06-10;58.0579;59.4439;58.0217;59.0562;23109341.805109
2020-06-11;58.3186;58.5296;55.0346;55.2016;29198620.14074
2020-06-12;55.5796;56.367;53.7413;54.8598;32899004.308979
2020-06-15;54.8598;55.8112;54.1662;55.5699;32068357.80304
2020-06-16;56.8554;57.0038;55.0073;55.8483;25119622.932742
2020-06-17;56.1629;56.6619;55.5338;55.9313;22121853.551911
2020-06-18;55.8014;55.9498;54.851;55.5523;26929045.683335
2020-06-19;56.0798;56.3005;54.6449;55.1273;65241080.930912
2020-06-22;55.229;55.9831;54.3967;55.5601;24707982.064583
2020-06-23;55.6549;55.9137;55.3511;55.4048;24668578.397261
2020-06-24;55.146;55.2983;54.2492;54.6361;30027309.260036
2020-06-25;54.5354;54.6361;53.1474;54.0998;23692373.781921
2020-06-26;54.0813;54.3059;52.7704;53.1669;41613458.563854
2020-06-29;53.1396;53.9513;52.4822;53.88;23955530.698092
2020-06-30;54.2864;55.4596;54.1291;55.3208;34112759.087289
2020-07-01;55.396;55.5064;54.3313;54.3782;15950052.737217
2020-07-02;54.7298;55.3023;54.5257;54.6742;16848247.509647
2020-07-06;54.2962;55.1273;54.1838;55.0522;22210476.484431
2020-07-07;54.6185;55.0805;53.7579;53.9161;17300213.409135
2020-07-08;54.0451;54.2717;53.5654;54.1926;14360025.183724
2020-07-09;53.8146;54.3186;53.3515;54.0177;22369426.10779
2020-07-10;53.5831;55.1919;53.4717;55.0444;19188337.025642
2020-07-13;55.3306;56.0505;53.9904;54.1662;20638217.947662
2020-07-14;53.5118;54.7836;53.0234;54.5354;26162440.118237
2020-07-15;54.5823;54.8685;54.0177;54.5823;21615210.841096
2020-07-16;54.1291;54.8881;54.0002;54.683;13438592.587326
2020-07-17;54.9409;55.904;54.8119;55.4791;17653136.772931
2020-07-20;55.5523;56.7558;54.8685;56.5399;18243470.047621
2020-07-21;56.8798;57.2617;55.8854;56.1267;21446490.664323
2020-07-22;56.6874;57.1104;56.0505;56.449;20505168.89025
2020-07-23;56.6395;57.0879;55.4596;55.8483;47065347.517534
2020-07-24;48.2193;48.2487;45.7705;46.7776;197125045.91719
2020-07-27;47.1849;47.2846;45.7373;45.834;116290048.10202
2020-07-28;45.751;46.4445;45.4374;45.5293;67445214.997923
2020-07-29;45.7608;45.7705;44.2906;44.4469;65431669.170497
2020-07-30;44.2252;44.8464;44.0045;44.3737;42973634.462516
2020-07-31;44.5026;44.6803;43.431;44.1333;50365366.265572
2020-08-03;44.6315;44.9627;44.1431;44.6608;34356186.528878
2020-08-04;44.9363;45.4374;44.8464;45.4277;31413094.983112
2020-08-05;45.9747;45.9747;44.9939;45.2323;31872982.565574
2020-08-06;45.4199;45.4472;44.7771;45.2137;25561284.911429
2020-08-07;45.1785;45.2899;44.4059;44.7136;39493404.081076
2020-08-10;44.8719;45.9786;44.739;45.8203;40221050.28105
2020-08-11;46.2023;46.2941;44.739;44.8621;37971108.043137
2020-08-12;45.3085;45.8565;44.907;45.792;32964320.8271
2020-08-13;45.8565;45.9219;45.0428;45.204;26612912.384297
2020-08-14;45.3622;45.8116;45.2899;45.5126;23977518.538226
2020-08-17;45.7167;45.8995;45.3622;45.5497;21503735.010014
2020-08-18;45.8565;46.1456;45.2616;45.2899;20679951.642182
2020-08-19;45.4149;45.5967;44.9168;44.992;29836025.902494
2020-08-20;46.3693;46.7336;45.6152;45.7735;59168670.722755
2020-08-21;45.6338;45.9043;45.2899;45.875;36862934.413747
2020-08-24;45.8565;45.9874;45.4472;45.7451;38988612.288175
2020-08-25;45.9414;46.4348;45.8116;46.0147;41232651.654024
2020-08-26;45.9786;46.2394;45.8301;46.127;30740125.594464
2020-08-27;46.3507;46.4806;45.7735;45.9874;26232752.476746
2020-08-28;46.1456;47.2894;46.043;46.9466;38010416.502845
2020-08-31;47.478;47.942;46.844;47.4291;49536046.523801
2020-09-01;47.392;47.478;46.7513;47.2796;32787655.421383
2020-09-02;47.6723;49.0409;47.5601;48.6404;56933666.866592
2020-09-03;48.8728;48.9862;46.6712;46.9085;50911251.916876
2020-09-04;47.0394;47.6899;46.0714;46.6213;46532823.691792
2020-09-08;45.8565;46.4533;45.4765;45.5312;42702554.839632
2020-09-09;46.1094;46.5168;45.6533;46.1925;35918498.429333
2020-09-10;46.5452;46.6291;45.3456;45.5771;35071890.827597
2020-09-11;45.8604;46.593;45.5684;45.875;31510277.387248
2020-09-14;45.4765;46.2843;45.4765;45.9952;29231802.553545
2020-09-15;46.3507;47.1038;46.2941;46.5452;29646202.395034
2020-09-16;47.0198;47.5073;46.6995;46.8909;28525826.834992
2020-09-17;45.96;46.9974;45.8945;46.844;28960503.850776
2020-09-18;46.8538;47.0111;45.6533;46.4435;53842924.691395
2020-09-21;45.9786;46.3088;45.457;46.2843;29408645.0659
2020-09-22;46.4435;46.7424;46.0528;46.5002;23944955.486779
2020-09-23;46.3879;46.6799;45.2987;45.4472;32310806.551308
2020-09-24;45.1785;46.2121;45.074;45.7646;31520833.147543
2020-09-25;45.5771;46.8059;45.3818;46.4904;28609751.83482
2020-09-28;47.0198;47.9039;46.6945;47.8785;31852600.970025
2020-09-29;47.7612;48.1598;47.4291;47.6528;21148360.817962
2020-09-30;47.6997;48.7605;47.6177;48.2028;29767674.001842
2020-10-01;48.7801;49.0771;48.3991;48.6306;23769563.610865
2020-10-02;47.942;48.3884;47.4682;47.4877;27727137.32773
2020-10-05;47.7574;48.2311;47.729;48.1207;22432891.707996
2020-10-06;48.1374;49.0584;47.6899;47.8218;27545621.452391
2020-10-07;48.2692;49.245;48.2125;49.0321;23609608.677003
2020-10-08;49.2548;49.878;49.0321;49.6836;24029475.27826
2020-10-09;49.8506;50.13;49.0321;49.1718;26150344.656315
2020-10-12;49.8506;50.4562;49.5342;50.1574;29329536.752348
2020-10-13;50.5208;50.5403;49.9161;50.1115;21490302.546545
2020-10-14;50.2804;50.6409;49.8135;49.8506;23509097.077592
2020-10-15;49.1064;50.2511;48.9862;50.13;19628808.397286
2020-10-16;50.1769;50.9213;50.1769;50.4201;25159379.789599
2020-10-19;50.7073;52.3464;50.1213;50.8099;46767912.789128
2020-10-20;50.8284;50.9213;49.5898;49.7383;29245130.595761
2020-10-21;49.4687;50.3352;49.1718;49.8057;23488599.799673
2020-10-22;49.4501;50.4739;49.4042;50.1769;44603948.1453
2020-10-23;45.0116;45.3036;44.3678;44.8719;104544335.95592
2020-10-26;44.5456;44.5543;43.056;43.4926;58180349.146999
2020-10-27;42.8049;43.2035;42.2266;42.4875;53850467.59139
2020-10-28;41.791;42.1573;41.1473;41.1931;48410149.945887
2020-10-29;41.1844;41.3983;40.8865;41.0623;39527319.490136
2020-10-30;41.0544;41.7011;40.5963;41.2205;50266547.928456
2020-11-02;41.8535;41.9433;41.1844;41.3885;36369092.520189
2020-11-03;41.6415;42.3204;41.6122;41.7519;36079914.237014
2020-11-04;41.9931;42.9622;41.6865;42.5431;37326650.775523
2020-11-05;43.2747;43.4896;42.6877;42.8323;33169969.273232
2020-11-06;42.7014;42.9416;42.1016;42.5617;38641347.123113
2020-11-09;43.7338;44.401;42.7014;42.759;51703266.653783
2020-11-10;42.5714;43.5835;42.4298;42.6085;41830868.733391
2020-11-11;43.0403;43.561;43.0022;43.4613;33589861.467933
2020-11-12;43.2562;43.3128;41.7754;42.1494;45761214.096404
2020-11-13;42.1866;42.7395;42.169;42.6281;32951239.505691
2020-11-16;43.1722;43.8364;42.9378;43.3128;38718789.815291
2020-11-17;42.8997;43.2464;42.5744;42.6926;33136753.077079
2020-11-18;42.7111;42.8371;42.2345;42.252;34998618.843154
2020-11-19;42.1201;42.8234;41.916;42.7785;31427259.419097
2020-11-20;42.8146;43.0217;42.506;42.5617;25807282.958595
2020-11-23;42.6476;43.3305;42.6183;43.1908;37847869.464912
2020-11-24;43.4066;44.3522;43.1429;44.0816;36153853.698493
2020-11-25;44.0992;44.2408;43.6684;44.1187;29995875.391365
2020-11-27;44.4098;45.1023;44.4098;44.4929;16979373.987501
2020-11-30;44.4645;45.4785;44.3189;45.3378;49411407.472287
2020-12-01;45.7119;47.096;45.6738;46.4719;61617464.811649
2020-12-02;46.1525;46.9417;46.1172;46.7903;35996387.471184
2020-12-03;46.8089;47.9243;46.677;47.813;53600928.435227
2020-12-04;47.8794;49.3691;47.8228;48.7468;42410222.420343
2020-12-07;47.8228;48.0943;46.4719;47.0726;54409605.528314
2020-12-08;46.7258;47.5591;46.7063;47.5307;30864834.260148
2020-12-09;47.1458;47.6704;46.6311;46.9505;36313128.870466
2020-12-10;46.5657;47.5591;46.5012;47.1283;35945691.976101
2020-12-11;47.0159;47.0159;46.0548;46.6311;31352347.406723
2020-12-14;46.7161;48.1402;46.6409;47.3256;35658202.86027
2020-12-15;47.8033;47.8316;47.0824;47.5092;27165634.556525
2020-12-16;47.5493;48.2546;47.521;47.9341;30234855.716019
2020-12-17;47.9634;48.1236;47.0922;47.4955;28153191.400156
2020-12-18;47.4184;47.521;44.1754;44.5026;127225605.90143
2020-12-21;43.435;43.557;42.4211;43.4711;57349014.689269
2020-12-22;43.3676;43.4515;42.9143;43.2933;34327665.194204
2020-12-23;43.2894;44.0992;43.1986;43.6684;24063587.244974
2020-12-24;43.6967;44.1558;43.4515;44.1373;12654096.180708
2020-12-28;44.2496;44.6677;43.9399;44.1373;22682469.766194
2020-12-29;44.278;47.5112;43.5932;46.3116;90148369.386052
2020-12-30;46.0499;46.1251;45.5341;45.7119;39869612.360779
2020-12-31;45.7119;47.0629;45.6836;46.7161;30475674.673735
2021-01-04;46.7815;48.1882;46.3234;46.5755;49165897.748044
2021-01-05;46.3644;47.6626;46.257;47.4565;26518907.662244
2021-01-06;47.2914;48.9003;47.0726;47.9156;39255589.793758
2021-01-07;48.2809;49.4072;48.1041;48.9374;34224823.567596
2021-01-08;49.1806;49.2567;48.0748;48.4314;36926181.957806
2021-01-11;48.0943;48.9862;48.0572;48.3288;35121645.507657
2021-01-12;48.6658;50.4934;48.3473;49.9229;42534112.095798
2021-01-13;55.7936;56.4959;53.3545;53.4014;132314977.02079
2021-01-14;54.807;56.3924;54.2366;55.5563;79643324.037128
2021-01-15;55.1831;55.9333;53.9171;53.9934;53605419.572888
2021-01-19;54.3283;54.7054;53.543;54.3772;38015841.289365
2021-01-20;54.6116;55.5308;54.47;55.0151;30608418.657288
2021-01-21;55.3599;59.9665;54.596;58.5687;92947878.636342
2021-01-22;55.1831;55.9059;53.1201;53.1298;91425897.90964
2021-01-25;52.8661;52.9803;50.6926;51.985;66086263.489651
2021-01-26;51.8317;52.699;51.4322;51.7701;33578069.032394
2021-01-27;51.2084;51.4302;49.9796;50.2511;53026958.585284
2021-01-28;51.3764;53.8234;51.2915;52.5721;52471993.40357
2021-01-29;52.4919;53.5987;51.9059;52.0514;39731843.87218
2021-02-01;52.4646;53.8146;52.238;53.1572;28715871.469813
2021-02-02;53.625;54.6478;53.335;54.3869;25147803.362733
2021-02-03;54.2883;54.6957;53.8048;54.0861;23347957.679113
2021-02-04;54.0207;55.2104;53.625;55.1273;31837517.21751
2021-02-05;55.653;55.7271;54.8217;54.8793;24842175.660839
2021-02-08;55.0619;55.8601;54.6614;55.8023;36425080.739618
2021-02-09;55.4341;55.945;54.6468;55.4439;30483744.798689
2021-02-10;55.9352;56.0475;54.8217;55.521;17307167.659904
2021-02-11;55.7418;57.5294;55.521;57.2178;29195706.583006
2021-02-12;57.1611;58.9633;57.0009;58.3039;27791060.538726
2021-02-16;58.4817;59.3023;58.1985;58.9253;27909926.732874
2021-02-17;58.0021;58.6556;57.7365;58.3392;22332495.790955
2021-02-18;57.2041;58.4632;57.1993;58.1145;18919658.067862
2021-02-19;58.3968;59.6706;58.3392;59.4352;29991876.67158
2021-02-22;58.3685;59.1421;57.2178;57.2657;34230441.840557
2021-02-23;57.0488;58.0071;55.8268;57.6515;28984387.653286
2021-02-24;57.0957;59.6901;56.9531;59.6051;26153859.148129
2021-02-25;58.8647;59.9343;56.7177;56.9726;38583190.627057
2021-02-26;57.4346;58.1897;56.2937;57.3311;40515662.564385
2021-03-01;58.217;59.5006;58.1526;59.312;30218098.152226
2021-03-02;59.2368;59.5582;57.6427;57.7658;24722804.763963
2021-03-03;57.1993;58.0286;56.3122;56.5018;30469201.579723
2021-03-04;56.4344;56.8163;54.6194;55.0209;42629162.054129
2021-03-05;55.8981;57.7042;55.1899;57.293;41888451.936288
2021-03-08;57.0371;58.1936;56.3308;56.4539;35104225.585518
2021-03-09;57.7091;59.5807;57.3887;59.1138;38576328.512688
2021-03-10;59.6315;60.4832;58.6049;58.7182;28794122.914841
2021-03-11;59.3688;60.4539;58.8501;59.7184;32548596.268918
2021-03-12;59.0961;59.7097;58.7094;59.3316;21386444.348317
2021-03-15;59.9997;60.2498;58.935;60.1706;22529843.771131
2021-03-16;60.5097;62.0002;60.4441;61.1045;32002478.229138
2021-03-17;60.579;62.5287;60.0955;62.0471;34343316.097452
2021-03-18;61.9055;61.9719;60.0378;60.1102;31918970.914326
2021-03-19;59.5953;61.3019;59.3501;60.1413;58257207.284902
2021-03-22;61.1406;62.6137;60.8964;61.9055;36448247.92568
2021-03-23;62.2552;62.302;59.5855;59.8776;37274960.207313
2021-03-24;62.8022;63.612;58.472;58.5188;79071229.674804
2021-03-25;58.1565;58.896;57.5157;58.5003;37530963.243847
2021-03-26;58.2942;61.2823;58.2649;61.1895;36793442.069204
2021-03-29;60.3787;61.4288;59.9997;60.8398;27735333.372433
2021-03-30;60.1511;60.367;59.568;60.1511;21955242.274974
2021-03-31;60.3768;60.83;59.9734;60.367;34999105.118601
2021-04-01;61.0527;61.209;59.9685;60.8867;33306060.879339
2021-04-05;61.2638;62.9536;61.0284;62.7651;29628673.95669
2021-04-06;62.3128;62.7974;61.5851;61.8411;30502116.796968
2021-04-07;61.9436;62.7924;61.6515;62.4906;18863591.020623
2021-04-08;63.1695;63.4704;62.5942;63.2457;23561097.838351
2021-04-09;63.0083;64.5195;62.8491;64.3866;28811905.240155
2021-04-12;64.33;64.6035;61.0381;61.6946;54350787.697648
2021-04-13;61.8879;61.9103;60.5663;61.5187;28435436.931055
2021-04-14;61.6037;61.6701;60.2186;60.5468;27318484.750164
2021-04-15;60.3416;61.5148;60.0671;61.3312;26427173.590597
2021-04-16;61.6232;61.802;60.9062;61.0772;26106775.399948
2021-04-19;61.0284;61.0674;59.4908;60.0193;25441228.110238
2021-04-20;60.029;60.1413;58.8696;59.1421;21067509.078962
2021-04-21;59.2271;60.156;58.764;60.0857;25829811.332279
2021-04-22;59.7546;60.283;58.7455;59.02;40558960.530238
2021-04-23;55.8023;56.5955;54.6156;55.8786;82182952.332157
2021-04-26;55.7467;56.1433;55.143;55.4243;42030766.844388
2021-04-27;55.2329;55.3023;54.4915;54.681;40463636.210181
2021-04-28;54.2571;54.8598;53.9063;54.3499;32215271.341267
2021-04-29;54.596;54.9926;54.2083;54.973;24691640.13833
2021-04-30;54.3401;55.1147;53.8321;54.2659;32580480.582214
2021-05-03;54.5725;54.5931;53.6143;54.0109;23622031.735016
2021-05-04;53.6524;53.7472;52.6424;53.6719;37448475.571868
2021-05-05;53.7286;54.048;53.2558;53.6241;22265278.191769
2021-05-06;53.7315;54.3323;53.3789;54.2766;26899737.094305
2021-05-07;54.7611;55.0541;54.3225;54.7318;21030500.958056
2021-05-10;54.2356;54.3137;53.0331;53.1181;36927870.101412
2021-05-11;52.2448;52.7957;51.5327;52.235;37898925.315697
2021-05-12;51.6186;51.8648;50.6996;50.888;31855209.453899
2021-05-13;51.2865;51.6186;50.7357;51.2572;30759607.324503
2021-05-14;51.8229;53.0009;51.4908;52.53;29669933.660615
2021-05-17;52.4734;53.0429;51.9694;52.5105;21084396.657454
2021-05-18;53.0995;53.2802;52.0075;52.0466;19707437.601554
2021-05-19;51.3158;52.6062;51.0981;52.5398;25045678.352574
2021-05-20;52.7381;53.374;52.5398;53.0995;24387668.84417
2021-05-21;53.5459;53.8204;53.1279;53.2226;18674514.841746
2021-05-24;53.7608;54.4661;53.5264;54.0578;20193148.969629
2021-05-25;54.6273;54.6273;53.5459;53.9728;23507531.78252
2021-05-26;54.1437;54.3137;53.7022;54.0207;15988162.39998
2021-05-27;54.1994;54.9301;54.0959;54.7884;34126301.0907
2021-05-28;54.6185;54.7132;54.0383;54.2092;21399878.859261
2021-06-01;54.6752;54.8744;53.7071;53.9924;21417545.502208
2021-06-02;54.0109;54.7513;53.8644;54.552;19475842.521277
2021-06-03;54.0763;54.1896;53.2275;53.374;23003272.333267
2021-06-04;53.669;54.807;53.6593;54.4465;22647608.423422
2021-06-07;54.4846;54.5139;53.882;54.1808;18296572.350235
2021-06-08;54.5227;54.7035;53.7169;54.0959;35039680.965686
2021-06-09;54.4378;54.5472;54.0666;54.0959;14651242.752566
2021-06-10;54.2385;55.0727;54.0255;54.4563;28173461.408288
2021-06-11;54.5423;54.9887;54.048;54.9027;19092457.839705
2021-06-14;55.0629;55.2348;54.3137;55.225;22953979.358948
2021-06-15;55.2446;55.4381;54.8558;55.0356;21923494.118803
2021-06-16;55.1869;55.397;53.8742;54.3059;23054245.261291
2021-06-17;54.1437;54.9496;53.8116;54.2669;22652872.483109
2021-06-18;53.7921;53.8595;52.2927;52.8338;58077218.826336
2021-06-21;52.91;53.1855;52.5496;53.0234;20288285.945671
2021-06-22;53.0898;53.4131;52.6775;53.0234;19685756.882757
2021-06-23;53.0234;53.122;52.4158;52.4451;21376992.177353
2021-06-24;52.6629;53.2421;52.5203;53.2128;22348334.038217
2021-06-25;53.1659;53.5313;52.9052;53.0615;22234016.311046
2021-06-28;53.4883;54.7836;53.4697;54.552;23687717.822478
2021-06-29;54.6185;54.8841;53.0331;53.8595;27775073.849486
2021-06-30;53.4697;53.502;52.5681;53.2802;31496251.155864
2021-07-01;53.2704;53.753;53.0234;53.1562;26206772.059253
2021-07-02;53.669;54.0861;53.4502;53.8692;18148189.748288
2021-07-06;54.0207;54.1056;52.8612;53.2323;27592368.39084
2021-07-07;53.4981;53.5742;52.8661;53.1093;15654976.700666
2021-07-08;52.4919;52.8807;51.9977;52.5681;20190634.66963
2021-07-09;52.6825;53.2461;52.4919;53.1376;19712304.450982
2021-07-12;53.3936;53.8644;53.2509;53.8399;16219087.955747
2021-07-13;53.7354;54.3811;53.4697;53.9728;16559662.994387
2021-07-14;54.258;54.5276;53.4639;53.6397;17136689.725355
2021-07-15;53.5264;53.5264;52.7381;52.9667;19932569.825199
2021-07-16;53.1952;54.0285;52.1022;52.1696;26620026.338161
2021-07-19;51.6382;52.0123;51.2211;51.855;28457516.907589
2021-07-20;52.1159;52.7293;51.5034;52.4255;20933483.375703
2021-07-21;52.3679;53.4131;52.2087;53.3652;19490151.304289
2021-07-22;53.203;53.6593;52.8436;53.1093;38660663.00763
2021-07-23;51.8004;51.9234;49.6543;50.2999;71378858.844077
2021-07-26;50.1193;51.7613;50.0714;51.5425;34646334.291735
2021-07-27;50.4143;50.4895;49.6445;50.4709;42018794.230999
2021-07-28;50.3284;51.1733;50.2423;50.3655;30007673.96933
2021-07-29;50.7552;51.3442;50.6037;50.9642;17793150.318492
2021-07-30;50.9173;51.1537;50.5373;50.9818;17349614.899659
2021-08-02;51.2387;51.6949;50.8079;50.9456;19069640.771966
2021-08-03;51.1439;51.3999;50.5471;51.3061;17255035.860709
2021-08-04;51.4858;51.6675;50.9642;51.1537;18558210.039534
2021-08-05;51.5718;51.5991;51.1801;51.4751;16028041.081633
2021-08-06;51.4477;51.7057;51.3237;51.5044;20159120.949413
2021-08-09;51.6577;51.9713;51.4184;51.6284;15358157.238669
2021-08-10;51.8102;51.9489;51.1127;51.5239;16976222.922601
2021-08-11;51.8297;51.9254;51.4282;51.7154;19462696.704388
2021-08-12;51.7428;51.7525;50.8685;51.141;15780641.53744
2021-08-13;51.1029;51.1557;50.679;51.0941;15997740.490691
2021-08-16;50.8451;51.0941;50.6253;51.0756;18522695.552055
2021-08-17;50.7884;50.7962;49.8799;50.3293;23047391.336824
2021-08-18;50.2433;50.6546;49.7754;49.8526;15768124.295551
2021-08-19;49.7226;50.3107;49.2695;50.091;24078054.707344
2021-08-20;49.8233;50.0333;49.117;49.6807;26934980.291271
2021-08-23;50.2335;51.1362;50.1291;50.8451;25100728.828193
2021-08-24;51.1557;51.5522;50.9222;51.3989;21303144.852275
2021-08-25;51.6577;51.8014;51.3247;51.3989;15754149.251055
2021-08-26;51.3373;51.3373;50.5999;50.7493;20487806.297426
2021-08-27;50.9701;51.5239;50.5501;51.4751;17300005.590364
2021-08-30;51.8297;52.4118;51.3511;51.5239;15265182.396827
2021-08-31;52.0006;52.0592;51.2553;51.6382;23398308.174564
2021-09-01;51.6861;51.7281;51.1312;51.2651;19488063.902947
2021-09-02;51.3901;51.4751;50.9603;51.3237;16624831.070529
2021-09-03;51.0463;51.6577;50.931;51.1127;14104615.915106
2021-09-07;51.1703;51.5327;51.0463;51.2466;14567576.758398
2021-09-08;51.3237;51.5044;50.6155;51.1703;19090294.681767
2021-09-09;51.2553;51.4751;50.9515;51.0072;14128742.343471
2021-09-10;51.438;52.5164;51.3989;51.4282;21277913.810841
2021-09-13;52.1638;52.9989;51.9713;52.5262;23701011.057608
2021-09-14;52.8895;52.956;51.8395;52.0787;23107916.762114
2021-09-15;52.2214;52.6795;51.981;52.6502;19677712.351247
2021-09-16;52.4021;52.4881;51.8102;52.3728;20794657.365973
2021-09-17;52.1442;52.1442;51.2602;51.8297;37017563.863655
2021-09-20;50.8294;51.1029;49.9767;50.6057;36695821.505296
2021-09-21;50.8177;51.056;50.4631;50.5012;18811658.850295
2021-09-22;51.0072;51.4575;50.6253;51.1029;19466172.294165
2021-09-23;51.3423;51.8668;51.1996;51.6089;17246972.901918
2021-09-24;51.3657;51.984;51.3237;51.7916;13584777.224251
2021-09-27;51.5239;52.4118;51.4087;52.2116;14551809.149042
2021-09-28;51.7525;52.1442;51.5425;51.5815;25849329.916877
2021-09-29;51.5815;51.6284;50.7981;51.0941;21476419.638451
2021-09-30;51.3511;51.562;50.8734;50.8929;21497109.379074
2021-10-01;51.2416;51.6812;50.6741;51.4477;20828171.469822
2021-10-04;51.5141;51.8961;50.7014;51.0756;28636180.649462
2021-10-05;51.1508;51.9059;51.0805;51.5327;18979618.389895
2021-10-06;51.0844;51.6479;50.6936;51.562;21000363.141421
2021-10-07;51.8853;52.5212;51.6959;51.7525;21675471.118299
2021-10-08;52.1052;52.1345;51.2944;51.3989;16821612.923711
2021-10-11;51.3989;51.9713;51.0267;51.0463;15074052.599953
2021-10-12;51.1703;51.314;49.6807;49.8331;34321876.980771
2021-10-13;50.0333;50.2228;49.542;49.919;19403188.874456
2021-10-14;50.5256;51.5815;50.3674;51.4848;27833550.775468
2021-10-15;51.7721;52.0494;51.3989;52.0201;26414469.004692
2021-10-18;51.7574;52.1149;51.314;52.0299;23458475.291629
2021-10-19;52.1794;52.7459;51.9352;52.7361;19255496.271775
2021-10-20;52.7752;52.9989;52.6121;52.8895;17640535.584543
2021-10-21;52.4646;53.5586;52.3728;53.4912;40191368.027729
2021-10-22;48.1324;48.2849;46.9387;47.2445;115129515.40365
2021-10-25;47.5932;47.8267;47.101;47.1967;45203835.964732
2021-10-26;47.1869;47.226;45.7833;46.1182;71613569.158433
2021-10-27;46.3468;46.6281;45.7255;45.7442;43008164.114246
2021-10-28;45.9972;46.1935;45.7353;45.9258;32785938.613118
2021-10-29;45.9454;47.0726;45.7735;46.805;44284859.315278
2021-11-01;47.1869;47.3783;46.805;47.3305;29327572.199539
2021-11-02;47.3881;47.6587;47.0238;47.6274;28468613.201435
2021-11-03;47.6938;48.19;47.4839;48.1324;25085926.603568
2021-11-04;48.322;48.4274;47.8316;48.3894;25790516.181162
2021-11-05;48.6208;49.6113;48.6111;48.9764;38277399.127116
2021-11-08;49.4951;50.005;49.1112;49.582;32903955.104904
2021-11-09;49.5723;49.794;48.8269;49.245;23401786.835555
2021-11-10;49.0291;49.4258;48.7743;48.8221;26034608.028574
2021-11-11;49.0624;49.12;48.486;48.6013;26428913.94483
2021-11-12;48.6629;48.9569;48.2643;48.3894;24832832.006081
2021-11-15;48.4763;48.697;48.2067;48.3991;25675961.970562
2021-11-16;48.447;49.1971;48.4177;48.6775;32155295.663167
2021-11-17;48.6677;48.996;48.0718;48.3122;24481500.554538
2021-11-18;48.322;48.322;47.101;47.7827;31884869.184989
2021-11-19;47.7066;47.8316;47.3607;47.6304;28703356.275399
2021-11-22;47.6577;48.909;47.523;47.9273;34714877.631352
2021-11-23;48.2458;48.5241;46.7825;47.226;46488022.878871
2021-11-24;46.9905;47.8804;46.7727;47.8609;27069147.270344
2021-11-26;47.0326;47.2973;46.2785;46.9173;26271909.423262
2021-11-29;47.4174;48.2165;46.8606;48.0914;32728301.152118
2021-11-30;47.6109;48.4763;46.8215;47.3217;51423954.131635
2021-12-01;47.9371;48.3854;46.6672;46.7454;36527856.847008
2021-12-02;46.7551;47.8932;46.4856;47.6109;38718872.738051
2021-12-03;47.7778;48.149;46.8978;47.3705;33503945.298114
2021-12-06;47.5913;49.2548;47.3021;49.0438;41936926.944118
2021-12-07;52.574;52.9002;50.217;50.5637;95372313.908393
2021-12-08;50.5637;50.8607;49.4218;49.7744;38617670.115635
2021-12-09;49.3417;49.6152;48.5046;48.5524;32952193.629305
2021-12-10;48.8993;49.12;48.1392;48.6589;24727611.212861
2021-12-13;48.909;49.0721;48.0425;48.0914;37144904.559182
2021-12-14;47.9175;48.3513;47.4369;47.8023;35474628.248245
2021-12-15;47.9664;48.8416;47.4418;48.7361;33883842.105055
2021-12-16;48.8026;49.4375;48.6443;48.8895;34447281.788148
2021-12-17;48.6589;49.0721;48.1011;48.6872;52182487.524304
2021-12-20;48.0054;48.2165;47.0912;47.7066;31336551.132709
2021-12-21;48.0328;48.8993;48.0328;48.8319;33224645.060821
2021-12-22;48.7068;49.0721;48.2927;49.0243;24233046.560427
2021-12-23;49.1298;49.7549;49.1014;49.3515;26198374.338208
2021-12-27;49.3896;50.0724;49.3437;49.9572;21823842.459132
2021-12-28;49.9474;50.13;49.6592;49.7842;20056080.717674
2021-12-29;49.8321;50.1496;49.6875;49.8516;14737382.097222
2021-12-30;49.9375;50.1496;49.6787;49.7647;19088047.57733
2021-12-31;49.9092;50.1681;49.4951;49.5342;16966668.377859
2022-01-03;49.6787;51.1986;49.6299;51.1791;35238151.986212
2022-01-04;51.5249;51.8756;50.64;51.1107;47494490.206856
2022-01-05;52.1188;54.0255;51.775;51.8141;61455388.693098
2022-01-06;52.5252;52.5828;51.3754;51.9489;37177120.56352
2022-01-07;52.1208;52.3141;51.1205;51.3999;31936391.860202
2022-01-10;51.9098;53.1982;51.2749;53.1025;51216005.346702
2022-01-11;53.3808;53.9396;52.6404;53.7755;41374669.678165
2022-01-12;53.9934;54.132;52.7176;53.6124;30293233.339437
2022-01-13;53.8575;54.0636;52.6795;52.8426;30780394.320214
2022-01-14;52.7557;53.6407;52.449;53.5733;31348254.503061
2022-01-18;53.1982;53.5254;52.5926;52.6697;36734947.739679
2022-01-19;52.5447;52.7557;51.5151;51.5737;31809441.208772
2022-01-20;51.8043;52.0201;49.9572;50.0539;29717057.334569
2022-01-21;50.092;51.1009;49.9669;50.0539;48212905.363228
2022-01-24;49.5147;50.1388;47.9761;49.9572;66824670.197478
2022-01-25;49.0624;49.6494;48.3317;49.0526;45845515.831736
2022-01-26;49.1776;50.7073;48.8123;49.7168;57074205.589636
2022-01-27;48.0718;48.149;45.9561;46.2159;93200715.251907
2022-01-28;45.8887;46.3605;44.5328;45.9073;64404038.111295
2022-01-31;45.8604;47.0052;45.499;46.9564;53885530.610506
2022-02-01;46.9124;47.1576;46.5139;47.0814;36790543.867536
2022-02-02;46.4025;47.687;46.254;47.6206;39469406.643672
2022-02-03;47.3705;47.7876;46.4074;46.4367;43818614.321174
2022-02-04;46.3839;46.7522;45.6758;46.5285;33463793.278472
2022-02-07;46.6457;47.1586;46.4806;46.6936;28435659.082154
2022-02-08;46.5002;47.4301;46.422;47.3041;28944057.503269
2022-02-09;47.8081;48.4284;47.3187;48.3708;36338271.870452
2022-02-10;47.6626;48.3923;47.2563;47.353;33805523.093334
2022-02-11;47.4399;47.5952;46.0343;46.1603;38392569.627863
2022-02-14;46.4416;46.6907;45.6572;46.1124;29362714.046465
2022-02-15;46.2286;46.9652;45.7344;46.9457;36998873.482926
2022-02-16;46.5773;46.9945;46.1319;46.7424;26851254.920312
2022-02-17;46.3839;46.7717;45.918;46.1026;33050163.287798
2022-02-18;44.7654;44.7849;43.137;43.6509;78955748.98151
2022-02-22;43.3118;44.0045;42.4972;43.3118;58910603.830849
2022-02-23;43.7768;44.3004;43.1771;43.2728;39391906.622178
2022-02-24;42.5461;45.3465;42.2794;45.2792;75055377.637087
2022-02-25;45.4823;46.3156;44.823;46.2384;40516183.646917
2022-02-28;45.5497;46.3449;45.4052;46.2286;43281264.595517
2022-03-01;46.0733;46.422;44.7947;45.3759;55567126.390126
2022-03-02;46.0538;47.4789;46.0157;47.3627;48430504.924255
2022-03-03;46.6936;47.0521;46.1544;46.4513;37548177.394692
2022-03-04;45.9083;46.7756;45.9083;46.5871;39544880.688089
2022-03-07;46.5246;47.0423;46.1319;46.2091;45208344.505935
2022-03-08;46.2189;47.2172;45.4432;46.0343;46240380.708822
2022-03-09;46.9163;46.9652;45.4384;46.1603;37224776.581122
2022-03-10;45.8311;45.8506;44.7312;45.2206;37616351.164969
2022-03-11;45.6953;45.8164;44.3532;44.4166;27944111.384971
2022-03-14;44.484;44.5613;42.9338;43.0305;37139588.288868
2022-03-15;43.1272;43.5151;42.7102;43.4282;35545402.312495
2022-03-16;43.9028;45.1912;43.8735;45.1912;40123229.064537
2022-03-17;44.8914;45.8281;44.3189;45.6856;29463897.217862
2022-03-18;45.3759;46.1319;44.9197;45.9864;47708850.661533
2022-03-21;45.9962;46.4123;45.6132;45.9278;33958502.277934
2022-03-22;46.0343;46.975;45.9376;46.8968;28812126.367517
2022-03-23;46.9652;48.0504;46.5773;46.7806;38308115.3556
2022-03-24;47.1586;50.0567;47.0912;50.0274;53322822.899929
2022-03-25;49.1259;50.3752;48.8933;50.2316;34307828.227156
2022-03-28;49.7754;49.9796;48.9998;49.921;23662306.603193
2022-03-29;50.3958;50.6771;49.6933;50.638;28172787.788826
2022-03-30;50.638;50.89;49.6397;49.8438;25407024.007124
2022-03-31;49.6201;49.6787;47.9829;48.0309;45089171.190451
2022-04-01;48.2927;48.361;45.8652;46.6262;48081801.407606
2022-04-04;46.6838;47.7114;46.4367;47.6821;24569242.048826
2022-04-05;47.3236;47.4692;46.5383;46.6457;26599725.617896
2022-04-06;45.9766;46.6838;45.7833;46.0733;32521994.442591
2022-04-07;45.9619;46.4318;45.327;46.0929;24884618.805642
2022-04-08;45.8213;46.1124;45.4003;45.5692;22872843.020845
2022-04-11;45.453;45.8359;45.0946;45.1336;31318601.938136
2022-04-12;45.8604;46.4318;44.9783;45.0652;30811871.185872
2022-04-13;45.3075;45.8106;45.1141;45.5595;22876984.040183
2022-04-14;45.3026;45.3075;44.2125;44.2613;37333515.961106
2022-04-18;44.1255;45.4432;44.1158;45.201;26407688.789345
2022-04-19;45.1629;46.5197;44.9109;46.4513;32485213.591473
2022-04-20;46.8685;47.2465;46.4953;46.6262;23512460.056214
2022-04-21;47.1205;47.391;45.9376;46.0343;28186386.097816
2022-04-22;45.9864;46.1798;45.0652;45.1043;29118102.140258
2022-04-25;44.7849;45.6856;44.7556;45.6083;37145112.377953
2022-04-26;45.2499;45.3954;44.106;44.1158;36481977.014463
2022-04-27;44.0767;44.6394;43.6215;43.8247;29222362.667436
2022-04-28;44.3727;45.8116;44.1363;45.3954;42405168.226901
2022-04-29;43.602;43.9605;42.1582;42.2452;73018374.905806
2022-05-02;42.3712;43.602;42.168;43.5727;46893039.139827
2022-05-03;43.4086;44.0865;42.8655;43.6704;41436633.455042
2022-05-04;43.6704;45.201;43.0403;45.1043;46046054.802586
2022-05-05;44.5426;44.8455;43.1067;43.5658;54254700.692941
2022-05-06;43.4584;44.103;42.8234;43.2728;41887846.907257
2022-05-09;42.7941;43.1751;41.8759;42.0713;45992208.242602
2022-05-10;43.3216;43.6977;42.4913;42.9895;43785289.608817
2022-05-11;42.9993;43.263;41.788;41.8369;41309525.147993
2022-05-12;41.7392;41.9102;41.0359;41.8466;43334453.915844
2022-05-13;42.4132;42.8234;41.9736;42.589;32794561.556476
2022-05-16;42.4132;42.5987;41.7929;42.0811;25667056.475576
2022-05-17;42.8039;43.39;42.6378;43.3704;29275449.613984
2022-05-18;42.9602;42.9602;41.241;41.368;36054399.620213
2022-05-19;41.3387;41.7099;40.7526;41.0359;29873699.45296
2022-05-20;41.2655;41.3094;39.3753;40.6842;45865793.006032
2022-05-23;40.7233;41.2703;40.3668;41.0261;27845142.558401
2022-05-24;40.7311;40.9187;40.147;40.7038;30545764.881144
2022-05-25;40.4791;41.5292;40.4302;41.2215;26906983.110344
2022-05-26;41.1922;42.6671;41.1042;42.4718;29510963.5625
2022-05-27;42.5792;43.517;42.5402;43.517;31278589.146832
2022-05-31;43.2239;43.7123;42.633;43.39;42087373.401438
2022-06-01;43.7319;43.8881;42.5158;43.0872;30594959.576636
2022-06-02;43.1653;43.8393;42.9211;43.8002;29409567.453644
2022-06-03;43.0823;43.2199;42.335;42.3839;33962148.831922
2022-06-06;42.7941;43.0188;42.0811;42.335;26040880.469979
2022-06-07;42.0615;42.5792;41.6708;42.5206;25766137.913302
2022-06-08;41.2703;41.2801;40.0786;40.274;61065829.848948
2022-06-09;40.0591;40.3912;39.0823;39.0823;39974075.588037
2022-06-10;38.926;39.1506;38.2715;38.2715;44107163.005612
2022-06-13;37.6561;37.9101;36.7965;36.8942;51530785.26439
2022-06-14;37.1286;37.3142;36.6695;37.0505;32095902.491867
2022-06-15;37.6659;38.2617;37.0407;37.7538;38546037.135385
2022-06-16;36.821;36.9137;36.0737;36.4742;46658431.19925
2022-06-17;36.6109;37.2361;35.7513;36.1128;73087910.247336
2022-06-21;36.4937;37.1433;36.4596;36.8551;34812080.510244
2022-06-22;36.4644;36.8942;36.357;36.5133;33365174.570225
2022-06-23;36.7379;36.7477;36.0542;36.5426;30878973.102688
2022-06-24;36.9675;37.744;36.8649;37.7147;39065744.787804
2022-06-27;37.9687;38.1543;37.5781;37.7343;30287615.066477
2022-06-28;37.6854;38.1152;36.8649;36.904;38741033.58987
2022-06-29;36.6695;36.7233;36.1616;36.4253;26041019.698318
2022-06-30;36.3472;37.1189;35.8735;36.5426;35975215.550066
2022-07-01;36.23;36.3374;35.048;35.4974;41559954.956027
2022-07-05;35.0969;35.8881;34.7159;35.8393;34014576.491337
2022-07-06;35.9662;36.5573;35.6146;36.1323;26881638.434015
2022-07-07;37.0114;37.4412;36.8551;37.2556;33952683.352367
2022-07-08;36.7868;37.2556;36.5231;37.1091;23102023.103689
2022-07-11;36.7868;36.8015;36.1714;36.3374;26562800.41975
2022-07-12;36.777;36.8258;36.1323;36.3472;31271382.03283
2022-07-13;35.8295;36.562;35.7709;36.3472;27701480.411377
2022-07-14;36.1323;37.2703;35.4485;36.8356;37561629.309179
2022-07-15;37.3826;37.7733;36.8551;37.7245;33673083.159903
2022-07-18;38.1934;38.4278;37.6317;37.8124;31545833.847976
2022-07-19;38.4083;39.7856;38.3301;39.2874;54355684.235471
2022-07-20;39.2776;39.7269;38.6427;39.6195;37251640.484322
2022-07-21;39.5707;39.7026;38.8967;39.6683;30365289.123393
2022-07-22;39.4339;39.5707;38.0371;38.291;42331521.554429
2022-07-25;38.3741;38.4962;37.6561;38.252;33029265.728405
2022-07-26;38.1934;38.6476;37.9785;38.0566;36778276.417665
2022-07-27;38.3594;39.4877;38.3203;39.2483;43582134.987928
2022-07-28;39.1604;39.1897;38.1348;38.7892;58007340.532648
2022-07-29;34.7794;35.7709;34.4229;35.4681;128266546.57556
2022-08-01;35.2141;36.8161;35.2141;36.103;53759998.859644
2022-08-02;35.7416;35.81;35.1653;35.175;55209534.782031
2022-08-03;35.2532;35.7416;34.4424;35.6732;60926585.130464
2022-08-04;35.5321;35.6189;34.8888;35.1848;54776207.463149
2022-08-05;34.874;35.2144;34.7112;34.9184;40748099.4547
2022-08-08;34.8888;35.4808;34.7309;34.9085;42163437.291216
2022-08-09;34.7507;34.8296;33.9416;34.06;48853300.62031
2022-08-10;34.5237;34.9283;34.1291;34.8987;42813842.612987
2022-08-11;35.1651;35.8064;35.0121;35.1157;36050129.15475
2022-08-12;35.3229;35.6584;35.1947;35.6288;38184070.119146
2022-08-15;35.6189;35.9445;35.2341;35.8557;25743611.172013
2022-08-16;35.6781;36.0876;35.2243;35.7077;25337893.566443
2022-08-17;35.3328;35.5943;34.8;35.3032;29570114.272661
2022-08-18;35.2045;35.8459;35.096;35.7176;24930448.946627
2022-08-19;35.3229;35.5449;34.7211;34.9085;31849963.616712
2022-08-22;34.5336;34.5928;33.2805;33.389;51695016.414342
2022-08-23;33.5272;33.9317;33.4581;33.4976;31101558.34452
2022-08-24;33.5173;33.537;33.1522;33.4088;25444729.262285
2022-08-25;33.4186;34.4645;33.3693;34.4251;30201615.680277
2022-08-26;34.4843;34.5583;32.9056;32.9154;45457241.631431
2022-08-29;32.7822;32.9648;32.3728;32.501;33422146.57627
2022-08-30;32.5997;32.6293;31.7216;31.8301;40725156.719084
2022-08-31;31.9534;31.9534;31.3466;31.4946;44669758.607896
2022-09-01;31.1513;31.4009;30.7152;31.3368;36932849.311315
2022-09-02;31.7808;31.9436;30.6461;30.804;35364552.133811
2022-09-06;30.9717;30.9717;29.9258;29.9554;47624245.188983
2022-09-07;30.0146;30.3748;29.6496;30.2416;37833717.306548
2022-09-08;29.9653;30.4358;29.5114;30.3402;37864049.514505
2022-09-09;30.7744;31.0802;30.6609;31.0408;34541513.292328
2022-09-12;31.3121;31.4354;30.6856;31.1394;38822848.499935
2022-09-13;30.4192;30.5178;28.8602;28.8997;72382421.424038
2022-09-14;29.1562;29.3684;28.6234;28.7911;41317770.914487
2022-09-15;28.7615;29.0181;28.3274;28.4557;40458252.951078
2022-09-16;28.3175;28.9293;28.0413;28.8503;73730527.325676
2022-09-19;28.6333;29.1069;28.5149;29.0477;33599631.749266
2022-09-20;28.6777;28.7763;28.3274;28.5741;31549457.056845
2022-09-21;28.7615;29.1957;28.0807;28.0906;40517247.109083
2022-09-22;28.0215;28.1202;27.6663;27.6959;36580137.056719
2022-09-23;27.5282;27.5282;26.8277;27.1533;44078450.821744
2022-09-26;27.1927;27.3304;26.5021;26.6106;45391298.876201
2022-09-27;27.0349;27.2273;26.2653;26.5317;44717335.620665
2022-09-28;26.5021;26.9165;26.2455;26.7685;40979447.404758
2022-09-29;26.4231;26.4231;25.8361;26.0285;42396268.000571
2022-09-30;25.9495;26.2159;25.397;25.4266;44412810.509457
2022-10-03;25.9791;26.8869;25.7177;26.6106;44691743.58033
2022-10-04;27.0595;27.4246;26.729;27.3309;43000506.096437
2022-10-05;27.0003;27.469;26.5317;27.2717;30526762.598332
2022-10-06;27.0743;27.3901;26.6402;26.8178;34444134.621093
2022-10-07;25.8213;25.9249;25.3092;25.3773;57988266.46238
2022-10-10;25.5943;25.6437;24.7556;24.8642;43995625.083349
2022-10-11;24.6767;25.1405;24.361;24.7063;48785040.990334
2022-10-12;24.7162;25.1799;24.3314;24.9925;40169354.075579
2022-10-13;24.3955;26.4774;24.2623;26.0679;63290454.588076
2022-10-14;26.1074;26.2751;25.4167;25.5647;48836159.193112
2022-10-17;25.9594;26.3935;25.8225;26.0679;39948833.410258
2022-10-18;26.3837;26.5958;25.1997;25.5253;51817370.914255
2022-10-19;25.3921;25.9002;25.3477;25.6535;34339888.433114
2022-10-20;25.8015;26.5909;25.5993;25.7325;33696732.719854
2022-10-21;25.5055;26.6895;25.4463;26.6106;53775322.640529
2022-10-24;26.3935;27.1138;26.1666;26.8178;44423577.997339
2022-10-25;26.8178;27.1878;26.6402;27.0447;32640265.200469
2022-10-26;26.8277;27.4295;26.6303;26.8474;37655732.475087
2022-10-27;27.0842;27.2223;25.7818;25.9199;57065582.750217
2022-10-28;27.7995;28.8292;27.4887;28.6826;92934139.26222
2022-10-31;28.6925;28.7911;27.6762;28.0511;60311456.364065
2022-11-01;28.4162;28.4655;27.5183;27.9229;45018649.944823
2022-11-02;27.8933;28.4655;27.0447;27.0546;52657818.748523
2022-11-03;27.0842;27.5085;26.8079;27.025;40214083.13645
2022-11-04;27.57;28.235;27.41;28.2;43051927
2022-11-07;28.36;28.465;27.89;28.41;34389783
2022-11-08;28.755;28.95;27.93;28.48;36257963
2022-11-09;28.22;28.3;27.52;27.52;30544782
2022-11-10;28.88;29.83;28.645;29.76;62943924
2022-11-11;28.925;30.63;28.87;30.43;49826517
2022-11-14;30.34;30.99;30.18;30.35;39395339
2022-11-15;31.095;31.335;30.165;30.71;40933223
2022-11-16;30.1101;30.23;29.44;29.53;35582751
2022-11-17;29.065;29.95;29;29.89;31992738
2022-11-18;30.26;30.26;29.61;29.87;27122210
2022-11-21;29.66;29.715;28.91;28.94;36086768
2022-11-22;29.135;29.86;29.0558;29.82;25584062
2022-11-23;29.73;30.08;29.49;29.67;23143868
2022-11-25;29.68;29.68;29.335;29.34;11314878
2022-11-28;29.1;29.19;28.54;28.725;28282116
2022-11-29;28.85;29.18;28.74;28.9;24361493
2022-11-30;28.77;30.08;28.22;30.07;72072532
2022-12-01;30.24;30.48;29.52;29.83;38896309
2022-12-02;29.17;29.43;28.71;29.41;31545955
2022-12-05;29.42;29.75;28.89;29.17;34040384
2022-12-06;29.19;29.31;28.3436;28.6;27701186
2022-12-07;28.28;28.55;28.15;28.33;28239933
2022-12-08;28.32;28.6;28.065;28.44;28486091
2022-12-09;28.39;28.78;28.19;28.24;25641349
2022-12-12;28.13;28.71;27.8588;28.69;35117866
2022-12-13;29.79;30.09;28.37;28.73;58546839
2022-12-14;28.51;29.12;28.01;28.26;37141077
2022-12-15;27.94;28;27.12;27.15;45682654
2022-12-16;27;27.135;26.4522;26.92;81104229
2022-12-19;26.9;26.97;26.5;26.79;37662461
2022-12-20;26.535;26.87;26.4201;26.44;31863274
2022-12-21;26.59;26.97;26.58;26.83;28100906
2022-12-22;26.45;26.452;25.35;25.97;47478307
2022-12-23;25.92;26.19;25.6835;26.09;23600916
2022-12-27;25.845;26.1;25.65;25.94;29548058
2022-12-28;25.84;26.115;25.5;25.54;26176917
2022-12-29;25.77;26.29;25.75;26.21;30944829
2022-12-30;25.902;26.46;25.8;26.43;31030094
2023-01-03;27.045;27.07;26.37;26.73;31307955
2023-01-04;27.41;27.92;27.16;27.68;37665199
2023-01-05;27.435;27.779;27.38;27.56;33552552
2023-01-06;27.93;28.83;27.38;28.73;31788634
2023-01-09;28.84;29.865;28.84;29.31;37493157
2023-01-10;29.235;29.51;28.915;29.44;23008080
2023-01-11;29.68;29.88;29;29.85;30375377
2023-01-12;29.98;30.38;29.47;30.29;28963879
2023-01-13;29.97;30.17;29.81;30.11;31361937
2023-01-17;30.18;30.2557;29.52;29.6;34759080
2023-01-18;29.8;29.82;28.63;28.81;44199580
2023-01-19;28.61;28.755;28.24;28.42;36886615
2023-01-20;28.42;29.23;28.25;29.22;35158497
2023-01-23;29.325;30.49;29.18;30.27;38795838
2023-01-24;29.94;30.19;29.73;29.92;24855130
2023-01-25;29.52;29.885;29.17;29.7;28268023
2023-01-26;30.06;30.11;29.33;30.09;56088080
2023-01-27;27.07;28.24;26.78;28.16;148548189
2023-01-30;27.715;28.51;27.67;27.95;55145771
2023-01-31;27.78;28.29;27.53;28.26;52621578
2023-02-01;27.89;29.43;27.68;29.07;63330567
2023-02-02;29.25;30.3;28.795;30.19;62230659
2023-02-03;29.62;31.17;29.53;30.32;57603100
2023-02-06;29.55;29.65;28.61;28.69;48726359
2023-02-07;28.65;29.27;28.43;29.05;50780776
2023-02-08;28.95;29.12;28.21;28.24;36479123
2023-02-09;28.68;28.82;27.565;27.73;43906378
2023-02-10;27.63;27.99;27.335;27.8;31232544
2023-02-13;27.87;28.55;27.715;28.55;32347470
2023-02-14;28.38;28.72;27.99;28.64;27928929
2023-02-15;28.36;28.88;28.16;28.85;23387676
2023-02-16;28.5;28.825;28.13;28.2;28972476
2023-02-17;28;28.07;27.38;27.61;32086218
2023-02-21;27.11;27.27;26.04;26.06;63668362
2023-02-22;25.91;26.9;25.3;25.47;89195317
2023-02-23;25.78;26.08;25.32;25.61;56473237
2023-02-24;25.22;25.35;24.92;25.14;44089879
2023-02-27;25.55;25.58;24.88;24.9;37656956
2023-02-28;24.94;25.12;24.73;24.93;50255301
2023-03-01;25.03;25.92;24.97;25.33;47823397
2023-03-02;25.211;26.3;25.12;26.2;48381068
2023-03-03;26.2;26.475;26.01;26.4;36744858
2023-03-06;26.47;26.54;25.93;25.99;37879835
2023-03-07;25.84;25.99;25.5;25.53;43164607
2023-03-08;25.56;26.01;25.45;25.98;36071934
2023-03-09;25.98;26.9773;25.97;26.44;54886084
2023-03-10;26.55;27.52;26.315;27.22;65187031
2023-03-13;26.74;27.31;26.61;26.95;50976996
2023-03-14;27.35;28.1;27.25;28.01;47689837
2023-03-15;27.73;28.495;27.66;28.41;49322838
2023-03-16;28.39;30.27;28.39;30.18;75804234
2023-03-17;29.92;31;29.44;29.81;80628498
2023-03-20;29.8;29.9;28.63;29.16;38780054
2023-03-21;29;29.165;27.975;28.46;55650832
2023-03-22;28.48;29.12;28.1;28.13;37415539
2023-03-23;28.38;29.16;28.22;29.03;43785479
2023-03-24;29.04;29.81;28.925;29.36;55931606
2023-03-27;29.37;29.73;29.08;29.18;34758156
2023-03-28;29.075;29.33;28.63;29.29;37407874
2023-03-29;29.77;31.89;29.755;31.52;85556189
2023-03-30;31.85;32.58;31.81;32.09;70077598
2023-03-31;31.8;32.9;31.73;32.67;59764991
2023-04-03;32.94;33.56;32.54;32.89;57038344
2023-04-04;32.85;33.84;32.84;33.1;55714058
2023-04-05;32.795;32.99;32.335;32.83;39615735
2023-04-06;32.6;33;32.46;32.81;28551916
2023-04-10;32.6;32.76;32.2;32.52;30534439
2023-04-11;32.66;33.11;32.32;32.35;27059106
2023-04-12;32.77;32.89;31.96;32.02;37070786
2023-04-13;31.82;32.43;31.65;32.13;29722344
2023-04-14;32;32.235;31.69;31.89;24623633
2023-04-17;31.95;32.64;31.77;32.14;29601148
2023-04-18;32.43;32.46;31.78;31.83;26041380
2023-04-19;31.1;31.52;31.08;31.15;25746574
2023-04-20;30.76;31.25;30.71;30.86;30255069
2023-04-21;30.84;30.84;30.225;30.3;28655762
2023-04-24;30.13;30.37;29.61;29.66;38732452
2023-04-25;29.44;29.57;28.87;28.88;38289873
2023-04-26;29.2;29.81;28.835;29.05;41218805
2023-04-27;28.75;29.945;28.51;29.86;60186244
2023-04-28;31.975;32.57;30.81;31.06;80252444
2023-05-01;31.11;31.24;30.28;30.3;36918529
2023-05-02;30.3;30.575;29.75;29.77;33463356
2023-05-03;30.64;31.11;30.245;30.65;45554489
2023-05-04;30.435;31.72;30.38;31.24;46104019
2023-05-05;31.38;31.41;30.73;30.99;35024562
2023-05-08;30.7;30.84;30.39;30.77;30882801
2023-05-09;30.38;30.58;29.91;30.1;30706515
2023-05-10;30.29;30.3959;29.49;29.97;40526521
2023-05-11;29.6;29.68;28.82;28.86;47144359
2023-05-12;29.025;29.1;28.72;28.95;24153820
2023-05-15;28.9;29.825;28.88;29.8;28717475
2023-05-16;29.62;29.9;29.21;29.22;22812040
2023-05-17;29.52;29.56;28.68;28.87;41667261
2023-05-18;29;29.76;28.87;29.68;36529193
2023-05-19;29.6;30.24;29.5;29.93;40682998
2023-05-22;29.85;30.45;29.815;30.28;28693438
2023-05-23;30.05;30.195;29.49;29.51;29400851
2023-05-24;29.31;29.49;28.82;29;28045840
2023-05-25;28.29;28.29;26.855;27.4;78009435
2023-05-26;27.44;29.09;27.1;29;71910621
2023-05-30;29.7;30.0399;28.995;29.99;54874794
2023-05-31;29.7;32.29;29.67;31.44;136243756
2023-06-01;31.8;31.94;31.02;31.13;52667368
2023-06-02;31.398;31.5899;30.825;31.31;36520957
2023-06-05;31.31;31.4;29.83;29.86;48244128
2023-06-06;29.77;31.45;29.695;30.96;42295293
2023-06-07;31.03;31.37;30.93;31.28;39097992
2023-06-08;31.43;31.85;31.06;31.82;35198952
2023-06-09;31.93;31.99;30.68;31.34;40227073
2023-06-12;31.4;33.3;31.36;33.07;59926114
2023-06-13;33.77;33.95;33.07;33.91;51990041
2023-06-14;33.87;35.6;33.8;35.58;74404291
2023-06-15;35.28;36.42;35.215;35.82;67676296
2023-06-16;36.36;36.795;35.595;36.37;110240279
2023-06-20;36.77;37.11;34.715;35;65970238
2023-06-21;34.915;35.05;32.83;32.9;70973521
2023-06-22;32.69;33.24;32.125;32.71;45740308
2023-06-23;32.21;33.45;32.03;33;46327140
2023-06-26;33.17;33.99;33.095;33.34;38952369
2023-06-27;33.22;34.23;33.01;34.1;33038923
2023-06-28;33.61;33.81;33.035;33.57;33906877
2023-06-29;33.34;33.34;32.49;32.91;38312970
2023-06-30;33.359;33.56;33.16;33.44;33811252
2023-07-03;33.54;33.89;33.14;33.62;15752979
2023-07-05;33.31;33.33;32.5;32.51;37664722
2023-07-06;31.9;32.04;31.38;31.97;41711442
2023-07-07;32;32.41;31.82;31.85;28356250
2023-07-10;31.87;32.83;31.77;32.74;36305658
2023-07-11;32.82;33.36;32.5;33.3;28148832
2023-07-12;33.69;34.08;33.06;33.98;37762215
2023-07-13;34.15;34.3;33.62;33.87;32745752
2023-07-14;33.78;33.87;33;33.15;30438659
2023-07-17;33.16;34.6;33.07;34.37;34111173
2023-07-18;34.28;34.7;33.83;34.5;29679514
2023-07-19;34.4;34.835;34.33;34.46;26486676
2023-07-20;33.704;34.205;33.23;33.37;37877996
2023-07-21;33.725;34.25;33.42;34.02;79736956
2023-07-24;33.84;34.46;33.56;33.63;25283783
2023-07-25;33.7;34.34;33.4;34.1;31771091
2023-07-26;33.72;34.525;33.7;34.36;32643239
2023-07-27;34.82;35.03;34.11;34.55;58890821
2023-07-28;36.75;36.99;35.51;36.83;90863013
2023-07-31;36.87;37.19;35.675;35.77;55630700
2023-08-01;35.82;36.02;35.28;35.8;24743393
2023-08-02;35.15;35.18;34.281;34.39;39051971
2023-08-03;34.29;35.03;34.13;34.87;24864381
2023-08-04;34.48;35.56;34.48;35.14;26674897
2023-08-07;35.41;35.55;34.75;35.23;22486870
2023-08-08;34.67;35.1;33.86;35.02;34753598
2023-08-09;35;35.0999;34.23;34.28;28720157
2023-08-10;34.7;35.09;34.48;34.68;30957295
2023-08-11;34.46;34.945;34.36;34.89;28783730
2023-08-14;34.67;35.71;34.47;35.68;36896056
2023-08-15;35.41;35.625;34.75;34.77;27420309
2023-08-16;34.52;34.63;33.46;33.53;35757254
2023-08-17;33.56;33.59;32.35;32.58;39906739
2023-08-18;32.23;32.91;32.18;32.75;23701056
2023-08-21;32.6;33.17;32.02;33.14;43718249
2023-08-22;33.22;33.8;32.83;32.89;23434190
2023-08-23;32.88;34.15;32.8;33.98;32324309
2023-08-24;33.72;34.09;32.49;32.59;37930960
2023-08-25;32.53;33.395;32.35;33.25;27324810
2023-08-28;33.5;33.78;33.21;33.62;22341778
2023-08-29;33.49;34.48;33.47;34.31;29943629
2023-08-30;34.06;34.66;33.775;34.53;26279156
2023-08-31;34.32;35.56;34.3;35.14;48157583
2023-09-01;35.79;36.75;35.73;36.61;43808478
2023-09-05;36.58;37.41;36.46;36.71;43379356
2023-09-06;36.56;37.04;36.03;36.98;39643390
2023-09-07;36.83;38.34;36.7502;38.18;67659683
2023-09-08;38.12;38.83;37.7125;38.01;44265054
2023-09-11;38.24;38.74;37.84;38.59;36349291
2023-09-12;38.65;40.0681;38.65;38.86;55326564
2023-09-13;38.8;39.1499;38.25;38.71;35407780
2023-09-14;38.81;38.9;38.295;38.67;30616490
2023-09-15;38.42;38.52;37.62;37.88;68881240
2023-09-18;37.62;38.39;37.51;37.99;29322150
2023-09-19;38.04;38.1;36.02;36.34;53288070
2023-09-20;36.22;36.25;34.63;34.69;57660829
2023-09-21;34.57;35.25;34.46;34.65;45240625
2023-09-22;34.81;34.885;34.14;34.18;29241605
2023-09-25;34;34.37;33.765;34.29;21729418
2023-09-26;34.14;34.78;33.64;33.83;34198291
2023-09-27;33.92;34.825;33.88;34.61;44369070
2023-09-28;34.65;35.6564;34.38;35.18;32265276
2023-09-29;35.648;35.91;35.155;35.55;28763712
2023-10-02;35.61;35.975;34.98;35.46;26086163
2023-10-03;35.265;36.54;35.265;35.69;45292632
2023-10-04;36.52;36.52;35.325;35.93;39842200
2023-10-05;35.97;36.1;35.6;35.89;25771233
2023-10-06;35.87;36.46;35.18;36.19;33262158
2023-10-09;35.7;36.17;35.5;36.06;19376144
2023-10-10;36.14;36.74;35.805;36.43;24044104
2023-10-11;36.62;37.03;36.38;36.88;19262602
2023-10-12;36.8;37.22;36.39;36.84;23639229
2023-10-13;36.74;36.79;35.86;35.97;28408435
2023-10-16;36.14;36.94;36.08;36.56;29555783
2023-10-17;35.92;36.35;35.07;36.06;24993561
2023-10-18;35.5242;36.02;35.45;35.64;22085950
2023-10-19;35.96;36.36;35.52;35.67;29201848
2023-10-20;35.65;36.28;34.87;34.92;32303325
2023-10-23;34.6;35.19;33.39;33.85;53924661
2023-10-24;33.64;34.71;33.64;34.59;52673857
2023-10-25;34.18;34.45;32.55;32.83;44658462
2023-10-26;32.89;33.22;32.145;32.52;59142509
2023-10-27;34.66;36.38;34.6;35.54;84128212
2023-10-30;35.465;35.96;34.92;35.69;36656267
2023-10-31;35.66;36.57;35.62;36.5;41185207
2023-11-01;36.5;37.315;36.28;37.29;41710705
2023-11-02;37.58;37.82;36.91;37.7;35439964
2023-11-03;38;38.32;37.665;38.14;30502744
2023-11-06;38.02;38.2;37.855;37.95;23877203
2023-11-07;38.24;38.9;37.98;38.77;32052041
2023-11-08;38.85;38.89;37.7492;37.92;33483360
2023-11-09;38.05;38.515;37.77;37.8;48955771
2023-11-10;38.24;38.99;38.24;38.86;38871279
2023-11-13;38.35;38.565;38.14;38.23;24558261
2023-11-14;38.8;39.49;38.07;39.41;45457362
2023-11-15;39.585;40.84;39.58;40.61;47392143
2023-11-16;41;43.395;40.82;43.35;86405694
2023-11-17;42.91;43.81;42.56;43.81;49749721
2023-11-20;43.78;44.93;43.78;44.74;44596396
2023-11-21;44.5;44.6612;43.3;43.64;37252056
2023-11-22;44.03;44.63;43.54;43.67;31490545
2023-11-24;43.68;44;43.61;43.96;13037105
2023-11-27;43.65;44.545;43.65;44.08;33339937
2023-11-28;43.69;44.3827;43.66;44.23;24548874
2023-11-29;44.6;45.34;44.6;44.94;38982026
2023-11-30;44.65;45.09;44.41;44.7;46262971
2023-12-01;44.36;44.36;42.86;43.74;43928371
2023-12-04;43.3;43.31;41.685;42.35;50417587
2023-12-05;41.91;42.29;41.61;41.92;31859318
2023-12-06;42.48;42.59;41.17;41.27;31992262
2023-12-07;41.75;42.435;41.1801;42.15;29118697
2023-12-08;41.84;42.955;41.81;42.7;42814959
2023-12-11;43.16;44.73;43.08;44.54;48288156
2023-12-12;44.36;44.44;43.63;44.04;31452163
2023-12-13;44.08;44.72;43.33;44.57;35216050
2023-12-14;45.01;47.07;44.65;45.18;70620765
2023-12-15;45.94;47.27;45.67;46.16;84583405
2023-12-18;46.15;46.23;45.4;45.69;27895652
2023-12-19;45.6;46.68;45.51;46.66;35358771
2023-12-20;46.64;46.95;45.7;45.76;38159137
2023-12-21;46.48;47.12;46.02;47.08;28320463
2023-12-22;47.25;48.1557;47.2;48;30095727
2023-12-26;48.92;50.515;48.71;50.5;60287408
2023-12-27;50.63;51.28;50.19;50.76;52148041
2023-12-28;50.81;50.87;50.16;50.39;27705233
2023-12-29;50.3;50.5699;49.77;50.25;29288707
2024-01-02;49.2;49.38;47.4527;47.8;45905728
2024-01-03;47.1;47.81;46.8;47.05;35858434
2024-01-04;45.715;47.16;45.24;46.87;47797812
2024-01-05;47.03;47.83;46.635;46.89;34344031
2024-01-08;47.07;48.76;46.97;48.45;42135127
2024-01-09;48.01;48.56;47.795;48.05;30097005
2024-01-10;48.24;48.3;46.94;47.47;31480186
2024-01-11;47.44;47.84;46.73;47.64;31707881
2024-01-12;47.6;47.67;46.61;47.12;27587902
2024-01-16;46.98;47.22;46.38;47.06;43720666
2024-01-17;46.4151;46.4151;45.65;46.06;33488015
2024-01-18;47.03;47.57;46.17;46.74;46681348
2024-01-19;47;48.76;46.44;48.15;55979796
2024-01-22;48.85;49.17;47.64;48.22;45639521
2024-01-23;48.12;48.94;47.32;48.89;37224140
2024-01-24;49.17;49.77;48.265;49.09;49375834
2024-01-25;50;50.3;48.97;49.55;84845086
2024-01-26;44.18;45.41;43.35;43.65;127665287
2024-01-29;43.71;43.99;42.81;43.84;51790863
2024-01-30;43.67;43.82;42.89;42.92;47958762
2024-01-31;42.57;43.785;42.36;43.08;51584247
2024-02-01;43.15;43.57;42.485;43.36;38819855
2024-02-02;43;43.14;41.6;42.6;53683500
2024-02-05;42.62;43.15;42.425;42.77;28890264
2024-02-06;42.7;42.78;42.14;42.74;34068216
2024-02-07;42.89;43.095;42.55;42.78;34269246
2024-02-08;42.72;42.97;42.33;42.5;33206470
2024-02-09;42.55;43.52;42.395;43.31;51192958
2024-02-12;43.39;45.04;43.32;44.03;51107349
2024-02-13;43;43.63;42.76;43.16;36622233
2024-02-14;43.82;44.29;43.39;44.19;36186233
2024-02-15;44.755;45.27;44.02;44.05;44024507
2024-02-16;44.03;44.2199;43.12;43.51;29975301
2024-02-20;44.26;45.17;43.42;44.52;61514136
2024-02-21;44.48;44.69;43.08;43.47;57714970
2024-02-22;44.68;44.68;42.53;42.98;62809318
2024-02-23;43.125;43.51;42.66;42.99;33810714
2024-02-26;43.5;43.68;42.82;42.99;27035379
2024-02-27;43.25;43.265;42.51;42.73;25126372
2024-02-28;42.44;42.45;41.91;41.99;26928470
2024-02-29;42.37;43.15;42.3551;43.05;48875120
2024-03-01;43.41;44.2698;43.13;43.82;41426072
2024-03-04;44.27;46.61;43.85;45.61;59990811
2024-03-05;44.56;44.8675;42.69;43.16;56655135
2024-03-06;43.93;45.505;43.555;44.51;52652045
2024-03-07;45.55;46.4199;45.18;46.15;50378153
2024-03-08;46.44;46.6277;44;44;54916599
2024-03-11;43.87;44.93;43.66;44.86;35050986
2024-03-12;45.06;45.265;44.46;45.24;31795832
2024-03-13;44.51;44.98;43.2;43.23;53195932
2024-03-14;43.23;43.35;42.51;42.75;38100016
2024-03-15;42.45;43.15;42.35;42.64;66952857
2024-03-18;43.09;43.38;42.595;42.71;27668282
2024-03-19;42.25;42.29;41.44;42.05;34672950
2024-03-20;42.99;43.01;41.41;42.2;74864992
2024-03-21;42.99;43.6;42.32;42.42;50807592
2024-03-22;42.25;42.8;42.09;42.57;28503057
2024-03-25;40.89;42.215;40.57;41.83;47276531
2024-03-26;41.95;42.265;41.655;41.99;39109651
2024-03-27;42.54;43.83;42.5;43.77;51017828
2024-03-28;43.76;44.6;43.71;44.17;54204194
2024-04-01;44.29;45.41;44.18;44.52;31712593
2024-04-02;43.925;44.08;43.5;43.94;32748360
2024-04-03;41.4;41.65;40.22;40.33;83717976
2024-04-04;40.59;40.7798;39.7;39.73;57307233
2024-04-05;39.35;39.46;38.51;38.71;67263035
2024-04-08;38.64;38.86;37.91;37.98;56967788
2024-04-09;38.05;38.58;37.325;38.33;78782981
2024-04-10;38.02;38.2211;37.02;37.2;51108380
2024-04-11;37.43;37.67;37.08;37.63;41909086
2024-04-12;36.69;36.7;35.605;35.69;80254789
2024-04-15;36.04;36.7;35.89;36.31;50751563
2024-04-16;36.27;36.51;35.764;36.26;30607502
2024-04-17;36.1;36.1297;35.37;35.68;41173345
2024-04-18;35.42;35.66;34.77;35.04;42334395
2024-04-19;35.13;35.13;34.18;34.19;58965368
2024-04-22;34.415;34.57;34.075;34.41;39909927
2024-04-23;34.335;34.6;34.18;34.28;46834042
2024-04-24;34.86;35.18;34.34;34.5;53261096
2024-04-25;34.56;35.295;34.5;35.11;66549403
2024-04-26;31.78;32.24;30.64;31.88;119742494
2024-04-29;31.86;31.91;31.07;31.36;58533264
2024-04-30;31.04;31.175;30.42;30.47;72346359
2024-05-01;30.17;31.035;30.02;30.37;60654760
2024-05-02;30.59;30.67;30.19;30.51;50899442
2024-05-03;30.98;31.055;30.7;30.9;36794828
2024-05-06;31.115;31.2;30.73;30.97;36185572
2024-05-07;31.09;31.45;30.61;30.68;44683401
2024-05-08;30;30.15;29.73;30;63734597
2024-05-09;29.93;30.385;29.805;30.09;45003402
2024-05-10;30.33;30.455;29.84;29.85;42931290
2024-05-13;30.03;31.13;30;30.51;51459143
2024-05-14;30.62;31.11;30.61;31.05;47759855
2024-05-15;31.38;31.4;30.81;31.27;36992927
2024-05-16;31.63;32.26;31.52;32.03;47752828
2024-05-17;32.06;32.11;31.59;31.83;41449777
2024-05-20;31.85;32.42;31.76;32.1;31989000
2024-05-21;31.98;32.24;31.62;31.74;42975363
2024-05-22;31.91;32.066;31.095;31.42;36706435
2024-05-23;31.445;31.57;29.87;30.08;62014547
2024-05-24;30.29;31.02;30.1301;30.72;42434488
2024-05-28;30.94;31.3695;30.655;31.06;36799147
2024-05-29;30.465;30.67;30.105;30.13;35848611
2024-05-30;30.21;30.5;30.06;30.19;33382756
2024-05-31;30.22;30.96;29.94;30.85;95797529
2024-06-03;31.03;31.065;30.05;30.29;35544896
2024-06-04;30.75;30.75;29.94;30.03;51027179
2024-06-05;30.269;30.835;30.01;30.78;44161657
2024-06-06;30.552;30.59;30.16;30.42;34248118
2024-06-07;30.25;30.78;30.205;30.74;34085530
2024-06-10;30.55;30.95;30.285;30.91;37445807
2024-06-11;30.77;31.03;30.53;30.92;25326850
2024-06-12;31.455;31.48;30.3899;30.76;51323936
2024-06-13;30.38;30.58;30.14;30.46;33787162
2024-06-14;30.285;30.56;30.21;30.45;28125886
2024-06-17;30.34;31;30.18;30.98;36235315
2024-06-18;30.99;31.47;30.5;30.63;33294749
2024-06-20;30.555;31.11;30.45;30.62;43826322
2024-06-21;30.85;31.36;30.6701;31.09;92549024
2024-06-24;31.14;31.42;30.53;30.57;40611793
2024-06-25;30.7;30.83;30.2901;30.74;29498583
2024-06-26;30.64;30.68;30.2731;30.54;30742984
2024-06-27;30.42;30.6582;30.285;30.59;30184278
2024-06-28;30.75;31.31;30.72;30.97;41467675
2024-07-01;30.91;31.02;30.61;30.84;32401760
2024-07-02;30.855;31.31;30.585;31.07;35999280
2024-07-03;31.12;31.34;30.91;31.23;24065673
2024-07-05;31.4;32.34;31.3114;32.02;45309446
2024-07-08;33.03;34.09;32.82;33.99;82315937
2024-07-09;35.015;35.22;33.72;34.59;97788840
2024-07-10;34.44;34.97;34.13;34.87;52256195
2024-07-11;35.031;35.15;33.31;33.5;55213668
2024-07-12;33.77;35.475;33.77;34.49;62792646
2024-07-15;34.7;35.225;34.31;34.46;39847917
2024-07-16;34.36;34.45;33.835;34.34;28409906
2024-07-17;36.08;37.16;34.4;34.46;112304214
2024-07-18;34.96;36.3;34.53;34.87;84188608
2024-07-19;34.565;34.58;32.85;32.98;69628654
2024-07-22;33.28;33.41;32.76;33.37;48503749
2024-07-23;32.96;33.23;32.83;32.95;29466374
2024-07-24;32.535;32.8;31.66;31.7;62216669
2024-07-25;31.372;31.985;30.95;31.1;49774032
2024-07-26;31.43;31.56;31.02;31.35;38352543
2024-07-29;31.42;31.47;30.79;30.83;32342201
2024-07-30;30.845;30.91;30.005;30.13;48256628
2024-07-31;30.54;30.87;30.28;30.74;56110610
2024-08-01;30.43;30.71;28.89;29.05;107672516
2024-08-02;21.94;21.98;20.42;21.48;300895920
2024-08-05;20.2;20.385;19.2934;20.11;147385697
2024-08-06;20.32;20.63;19.75;19.83;106670372
2024-08-07;19.92;20.25;18.95;18.99;97972290
2024-08-08;19.1;20.55;18.84;20.49;96836821
2024-08-09;20.08;20.15;19.5;19.71;76394546
2024-08-12;19.87;19.97;19;19.36;54677578
2024-08-13;19.48;20.48;19.47;20.47;77511346
2024-08-14;20.485;20.5;19.785;19.92;56758181
2024-08-15;20.32;21.06;20.23;20.69;84814880
2024-08-16;20.53;20.895;20.4101;20.87;48582663
2024-08-19;20.885;21.86;20.835;21.52;65956303
2024-08-20;21.21;21.23;20.82;20.99;84161270
2024-08-21;21.072;21.44;21.07;21.41;57028870
2024-08-22;21.39;21.4;20.04;20.1;81444673
2024-08-23;20.32;20.93;20.26;20.54;73398430
2024-08-26;20.53;20.56;19.95;20.13;58534794
2024-08-27;20.13;20.26;19.84;20.07;43862017
2024-08-28;19.98;20.105;19.51;19.61;50144885
2024-08-29;19.76;20.6;19.75;20.13;64529661
2024-08-30;21.25;22.12;21;22.04;177785378
2024-09-03;21.54;21.69;19.99;20.1;115305533
2024-09-04;19.76;20.045;19.28;19.43;85871887
2024-09-05;19.28;19.9;19.24;19.4;65388789
2024-09-06;19.44;19.49;18.64;18.89;92686460
2024-09-09;19;19.54;18.95;19.07;64244126
2024-09-10;19.03;19.11;18.51;18.98;55621273
2024-09-11;19.01;19.69;18.52;19.64;71403141
2024-09-12;19.43;19.54;19.04;19.36;51602918
2024-09-13;19.49;19.8;19.49;19.66;44236271
2024-09-16;20.03;21.0699;19.76;20.91;149337028
2024-09-17;21.71;22.58;21.24;21.47;196249783
2024-09-18;21.36;21.74;20.715;20.77;118727940
2024-09-19;21.28;21.69;21.03;21.14;99829168
2024-09-20;20.89;23.14;20.35;21.84;260377912
2024-09-23;22.43;22.82;22.03;22.56;184439134
2024-09-24;22.53;23.105;22.285;22.81;113082534
2024-09-25;22.8;24.055;22.73;23.54;117013357
2024-09-26;24.28;24.42;23.25;23.92;95416939
2024-09-27;24.16;24.66;23.7034;23.91;85883278
2024-09-30;23.74;23.95;23.09;23.46;66460225
2024-10-01;23.46;23.72;22.255;22.69;86344357
2024-10-02;22.67;23.0668;22.35;22.39;59033896
2024-10-03;22.14;22.73;21.65;22.26;49565931
2024-10-04;22.7;22.91;22.3;22.59;49966930
2024-10-07;22.4;22.65;22.0209;22.38;54928674
2024-10-08;22.25;23.42;22.045;23.32;58650461
2024-10-09;23.25;23.48;23.06;23.46;44759018
2024-10-10;23.19;23.53;22.96;23.22;44874580
2024-10-11;23.05;23.82;22.98;23.56;43585252
2024-10-14;23.58;23.77;23.2701;23.44;35403646
2024-10-15;23.41;23.72;22.47;22.66;68900556
2024-10-16;22.38;22.54;21.74;22.31;62151767
2024-10-17;22.72;22.82;22.4;22.44;43807577
2024-10-18;22.61;22.82;22.5;22.77;39971695
2024-10-21;22.61;22.88;22.25;22.84;39726985
2024-10-22;22.73;22.82;22.17;22.4;50160378
2024-10-23;22.3;22.425;21.575;21.98;45799051
2024-10-24;22.09;22.365;21.97;22.34;40554417
2024-10-25;22.42;23.3399;22.41;22.68;67502984
2024-10-28;22.67;23.27;22.56;22.92;41914966
2024-10-29;22.87;23.14;22.41;22.9;83422242
2024-10-30;22.415;22.93;22.26;22.3;50941231
2024-10-31;22.15;22.25;21.47;21.52;112485547
2024-11-01;23;23.58;21.91;23.2;173471115
2024-11-04;22.96;23;22;22.52;84616300
2024-11-05;22.58;23.58;22.4;23.32;59153326
2024-11-06;24.3;25.12;24.05;25.05;116760537
2024-11-07;25.43;26.3799;25.19;26.23;101489302
2024-11-08;26;26.43;25.83;26.2;76427983
2024-11-11;25.96;26.2863;24.83;25.05;80185321
2024-11-12;24.66;24.96;23.89;24.16;62539733
2024-11-13;24.06;25.14;24.02;24.92;58201972
2024-11-14;25.12;25.61;24.9346;25.03;49252121
2024-11-15;24.81;24.82;24.23;24.35;55104875
2024-11-18;24.33;25.02;24.16;24.84;59667333
2024-11-19;24.5;24.54;24.095;24.2;61190859
2024-11-20;24.07;24.21;23.55;24.01;50191510
2024-11-21;24.08;24.77;23.83;24.44;58928410
2024-11-22;24.35;24.68;24.14;24.5;36784715
2024-11-25;25.04;25.565;24.76;24.87;91128387
2024-11-26;24.95;24.985;23.81;24.05;69613557
2024-11-27;23.83;23.93;23.06;23.65;53992319
2024-11-29;23.72;24.28;23.6;24.05;36616750
2024-12-02;24.84;25.48;23.44;23.93;150497884
2024-12-03;23.68;23.75;22.44;22.47;138160493
2024-12-04;22.53;22.54;21.81;21.96;104648976
2024-12-05;22.04;22.19;20.66;20.8;167993483
2024-12-06;20.95;21.05;20.66;20.92;78539132
2024-12-09;20.92;21.06;20.73;20.81;68818217
2024-12-10;20.83;20.86;19.96;20.16;90004833
2024-12-11;20.14;20.25;19.87;20.12;75209342
2024-12-12;20.02;20.9;19.92;20.78;77695010
2024-12-13;20.6;20.8;20.25;20.34;55104079
2024-12-16;20.17;21.1;20;20.83;73832891
2024-12-17;20.64;20.77;20.2925;20.44;51767153
2024-12-18;20.48;20.58;19.21;19.3;86041243
2024-12-19;19.53;19.69;19.03;19.06;69117805
2024-12-20;18.97;19.76;18.9;19.52;108453667
2024-12-23;19.58;20.23;19.52;20.2;57988375
2024-12-24;20.22;20.4;19.96;20.4;29884026
2024-12-26;20.23;20.665;20.08;20.44;39950380
2024-12-27;20.21;20.605;20.09;20.3;48260830
2024-12-30;20.01;20.115;19.73;19.82;59608126
2024-12-31;19.99;20.4;19.88;20.05;49846656
2025-01-02;20.23;20.43;20;20.22;46438529
2025-01-03;20.39;20.665;20.06;20.56;48983942
2025-01-06;20.83;20.98;19.78;19.87;83270990
2025-01-07;20.02;20.34;19.9;20.01;61726060
2025-01-08;19.825;20.12;19.71;19.88;47897071
2025-01-10;19.66;19.66;18.91;19.15;71244581
2025-01-13;18.92;19.249;18.73;19.2;50668970
2025-01-14;19.36;19.52;18.82;19.2;47147526
2025-01-15;19.4;19.77;19.171;19.72;56305989
2025-01-16;19.75;19.95;19.4;19.67;44898059
2025-01-17;21.26;21.62;20.79;21.49;166483914
2025-01-21;22.03;22.41;21.75;21.77;96262179
2025-01-22;21.725;22.285;21.57;21.86;60972578
2025-01-23;21.69;21.75;21.35;21.57;55778156
2025-01-24;21.36;21.41;20.75;20.83;66300614
2025-01-27;20.81;21.06;20.14;20.29;83582097
2025-01-28;20.34;20.342;19.74;19.8;73411385
2025-01-29;19.87;20.08;19.66;19.75;86506821
2025-01-30;19.72;20.1;19.43;20.01;108166983
2025-01-31;20.1;20.33;19.38;19.43;117474899
2025-02-03;18.97;19.75;18.78;19.38;77523142
2025-02-04;19.1;19.53;19.02;19.29;54098200
2025-02-05;19.19;19.77;18.91;19.65;66250254
2025-02-06;19.51;19.7;19.22;19.38;45553771
2025-02-07;19.35;19.36;19.03;19.1;58277917
2025-02-10;19.25;20.08;19.24;19.77;73007266
2025-02-11;19.87;21.88;19.8618;20.97;150960704
2025-02-12;21.98;22.56;20.93;22.48;162631182
2025-02-13;22.84;24.83;22.79;24.13;248661333
2025-02-14;24.36;25.19;22.86;23.6;230254092
2025-02-18;24.6;27.55;24.49;27.39;284292210
2025-02-19;25.98;26.33;25.46;25.72;151881727
2025-02-20;25.56;26.12;24.48;26.09;144939566
2025-02-21;25.96;26.29;24.84;24.87;111630859
2025-02-24;24.55;24.8;23.62;24.26;91358071
2025-02-25;24.21;24.28;22.7701;22.99;88886469
2025-02-26;23.245;23.82;23.21;23.52;67449304
2025-02-27;23.7;24.4;23.07;23.09;97871945
2025-02-28;23.02;24.44;22.64;23.73;104133777
2025-03-03;25;25.04;22.52;22.74;141348692
2025-03-04;22.54;22.63;20.76;21.33;152182200
2025-03-05;21.33;21.36;20.18;20.81;127219259
2025-03-06;20.26;21.13;20;20.75;96466381
2025-03-07;20.27;21.2;20.11;20.64;81099646
2025-03-10;20.24;20.51;19.65;19.93;82760577
2025-03-11;19.965;20.06;19.29;19.78;80788985
2025-03-12;20.79;21.17;20.21;20.68;128671089
2025-03-13;23.5;24.53;23.13;23.7;243260993
2025-03-14;23.675;24.37;23.52;24.05;116901643
2025-03-17;24.42;26.145;24.37;25.69;160723633
2025-03-18;25.55;26.41;25.39;25.92;132488822
2025-03-19;24.9;25.2299;24.03;24.12;135491427
2025-03-20;23.77;24.31;23.73;23.96;68937584
2025-03-21;23.6;24.7;23.49;24.26;94110710
2025-03-24;24.715;24.99;24.13;24.22;69169028
2025-03-25;24.175;24.75;24.11;24.2;51743281
2025-03-26;24.25;24.4194;23.25;23.42;59678008
